{"cameraMode":{"drawMode":0,"name":"Shaded","section":"Shading Mode"},"sceneLighting":true,"audioPlay":false,"sceneViewState":{"m_AlwaysRefresh":false,"showFog":true,"showSkybox":true,"showFlares":true,"showImageEffects":true,"showParticleSystems":true,"showVisualEffectGraphs":true,"m_FxEnabled":true},"in2DMode":false,"pivot":{"x":20.792360305786134,"y":3.8754096031188967,"z":24.346542358398439},"rotation":{"x":0.10840560495853424,"y":0.48415523767471316,"z":-0.06057332083582878,"w":0.8661618232727051},"size":40.539039611816409,"orthographic":false}